Voltage,Current,Resistance,Temperature,Cable_Length,Fault_Distance,Fault_Type,Fault
248,14.9,18.88,53,4405,2598,Insulation Failure,0
238,84.84,15.78,27,2963,1001,Insulation Failure,1
224,91.52,7.42,32,2756,1033,Insulation Failure,0
217,16.67,8.54,27,2594,2040,Open Circuit,0
230,27.41,11.22,84,4667,273,Open Circuit,0
248,20.72,16.7,62,4105,2647,Insulation Failure,0
228,22.7,1.84,58,3663,1779,Open Circuit,0
232,84.56,8.77,78,1022,4476,Insulation Failure,1
220,36.55,2.11,63,4332,478,Open Circuit,0
220,34.59,10.54,28,4562,515,Insulation Failure,0
233,26.6,18.03,56,3059,4286,Short Circuit,1
245,62.75,15.76,55,283,1191,Insulation Failure,1
249,41.03,4.94,47,3458,2668,Insulation Failure,0
233,75.7,19.53,61,1498,1411,Open Circuit,1
212,24.53,13.51,62,2896,3280,Open Circuit,1
231,79.84,0.7,61,636,271,Open Circuit,0
211,62.35,5.48,85,1373,142,Open Circuit,1
233,15.86,5.58,74,3067,3332,Open Circuit,1
239,44.38,1.85,67,3149,787,Open Circuit,0
247,87.03,19.22,41,1196,1681,Short Circuit,1
211,92.68,9.83,46,1405,622,Insulation Failure,1
230,49.24,17.97,86,1015,3841,Insulation Failure,1
242,50.68,6.78,32,3181,3676,Insulation Failure,0
221,92.25,2.94,64,4347,2572,Short Circuit,0
231,60.77,9.75,29,1128,3260,Insulation Failure,0
234,8.12,2.72,28,2077,4712,Short Circuit,0
236,91.71,9.98,73,3454,66,Short Circuit,1
237,28.58,18.45,46,2611,4286,Short Circuit,1
225,59.88,10.65,53,370,4616,Insulation Failure,0
224,20.72,12.52,20,1286,1140,Short Circuit,0
212,8.22,3.55,51,4655,2314,Insulation Failure,0
246,34.59,1.35,86,4300,2532,Insulation Failure,0
216,79.15,2.66,39,3864,3580,Open Circuit,1
230,31.37,12.17,54,2498,1187,Open Circuit,0
218,25.91,2.35,36,4629,4471,Short Circuit,1
248,25.2,7.83,37,4335,4748,Short Circuit,0
227,53.94,11.23,64,4282,3339,Insulation Failure,0
213,97.68,8.08,72,1811,548,Short Circuit,1
234,48.6,3.69,87,2330,4087,Short Circuit,1
223,57.94,5.84,84,228,72,Insulation Failure,0
218,86.76,18.6,20,1369,198,Short Circuit,1
235,55.83,13.68,77,3772,3201,Short Circuit,1
211,22.52,10.17,45,1701,1781,Insulation Failure,1
229,33.46,0.75,39,4865,571,Insulation Failure,0
237,34.44,19.85,29,4070,790,Open Circuit,0
216,42.75,13.59,78,4344,1638,Insulation Failure,1
217,45.54,6.68,60,727,1831,Open Circuit,1
244,80.98,17.65,24,3897,1855,Short Circuit,1
223,38.19,5.54,84,2144,1174,Insulation Failure,0
226,49.48,11.11,36,3652,3740,Insulation Failure,0
245,64.37,12.9,41,2441,3277,Insulation Failure,0
249,40.88,4.81,60,3314,178,Short Circuit,0
213,84.47,19.58,87,349,2244,Open Circuit,1
211,60.81,15.09,88,3025,4086,Short Circuit,1
215,32.93,11.38,30,1074,734,Short Circuit,0
213,72.84,4.02,75,1425,798,Insulation Failure,1
238,55.13,1.55,70,1083,787,Open Circuit,0
227,55.77,6.74,40,988,2795,Short Circuit,0
235,50.7,15.19,45,3037,4304,Insulation Failure,1
243,52.22,5.75,38,2217,4588,Short Circuit,0
219,77.71,11.02,79,2772,3084,Short Circuit,1
245,14.78,14.69,66,1426,2918,Insulation Failure,1
223,36.76,2.6,45,570,731,Insulation Failure,0
240,12.17,13.86,59,2087,1129,Open Circuit,0
224,76.56,2.29,24,190,3446,Short Circuit,0
217,30.87,19.32,40,629,1605,Insulation Failure,1
223,90.26,10.02,23,4856,3778,Insulation Failure,0
232,55.02,3.44,42,4159,2745,Open Circuit,0
249,81.07,7.18,34,4934,3170,Open Circuit,0
230,98.0,8.56,27,2873,4689,Insulation Failure,1
225,84.78,15.28,60,1786,2933,Open Circuit,1
227,87.36,15.0,38,291,1215,Insulation Failure,1
233,43.76,12.43,65,2086,324,Short Circuit,0
235,57.41,2.57,47,3723,1850,Open Circuit,0
234,29.12,3.46,87,2285,1490,Short Circuit,0
238,23.63,2.33,34,4540,893,Short Circuit,0
224,53.02,11.75,56,1108,1390,Short Circuit,0
210,61.53,17.6,20,3883,3389,Insulation Failure,1
234,37.23,8.96,86,4398,4239,Short Circuit,1
216,59.1,3.64,43,4768,4479,Short Circuit,1
218,89.31,11.38,46,4387,2263,Short Circuit,1
233,57.89,16.33,59,2152,3432,Insulation Failure,1
210,73.48,14.96,82,3408,2371,Short Circuit,1
217,81.5,17.69,80,1816,3086,Short Circuit,1
233,98.93,5.92,55,410,4312,Open Circuit,1
220,62.3,4.28,43,4638,1515,Insulation Failure,0
226,81.65,17.66,43,1360,2917,Short Circuit,1
217,96.45,13.32,23,4032,2352,Open Circuit,1
244,94.72,6.56,86,3368,1167,Insulation Failure,1
244,18.4,14.98,53,684,110,Insulation Failure,0
242,43.61,16.39,76,2899,4327,Insulation Failure,1
214,35.78,12.49,68,459,3655,Insulation Failure,1
248,13.26,13.91,72,2966,3793,Insulation Failure,1
237,65.16,7.82,42,2111,1755,Insulation Failure,0
216,74.91,11.0,88,4106,1577,Short Circuit,1
218,85.57,10.72,72,1725,1296,Short Circuit,1
217,16.66,17.04,81,2864,3774,Short Circuit,1
221,88.26,16.88,60,990,2220,Short Circuit,1
243,66.08,16.74,76,831,972,Open Circuit,1
242,71.87,0.72,79,4061,1030,Short Circuit,0
232,91.51,15.12,73,4801,2593,Insulation Failure,1
233,64.35,15.29,89,2604,3992,Short Circuit,1
246,36.91,13.73,76,714,4613,Short Circuit,1
244,83.39,15.25,29,3906,913,Insulation Failure,1
249,39.49,16.92,59,1819,2181,Short Circuit,1
231,8.25,9.67,26,4869,3197,Short Circuit,0
236,83.91,10.29,57,1687,1462,Short Circuit,1
244,37.79,2.93,80,1711,2378,Open Circuit,1
210,78.51,8.01,22,996,3454,Short Circuit,1
244,39.46,13.05,70,377,3553,Insulation Failure,1
246,86.8,15.72,66,4747,1307,Insulation Failure,1
223,25.85,4.74,87,1736,4994,Short Circuit,1
212,97.58,3.19,57,2258,1189,Short Circuit,1
210,79.08,13.43,55,2532,687,Short Circuit,0
214,15.85,0.54,60,4004,4661,Insulation Failure,1
235,58.75,3.98,88,4956,1207,Insulation Failure,0
223,98.61,1.07,32,3362,1894,Open Circuit,0
248,49.75,3.75,77,1549,4922,Open Circuit,1
236,22.3,4.04,69,4600,1811,Open Circuit,0
218,51.05,8.06,49,1332,3183,Insulation Failure,1
224,53.68,8.35,81,4217,3797,Open Circuit,1
224,75.46,17.55,44,777,1644,Short Circuit,1
235,71.39,10.45,46,2758,3968,Short Circuit,0
222,43.24,14.61,70,2128,2716,Insulation Failure,1
241,25.71,2.53,76,3858,190,Open Circuit,0
248,66.28,4.9,66,4724,1335,Short Circuit,0
241,45.06,14.21,58,2137,4803,Insulation Failure,0
213,17.57,1.53,35,2749,3106,Open Circuit,1
239,90.55,9.99,41,756,378,Short Circuit,0
246,70.67,12.19,73,265,4482,Open Circuit,1
232,69.9,12.24,40,4691,3829,Insulation Failure,0
248,83.15,0.95,35,689,615,Open Circuit,1
224,55.32,6.78,78,4624,2330,Insulation Failure,0
238,82.43,12.91,50,2921,1754,Open Circuit,0
245,52.32,3.41,61,4358,463,Short Circuit,0
222,11.38,14.06,51,1362,966,Insulation Failure,0
241,43.5,15.05,78,171,4267,Insulation Failure,1
216,52.26,19.65,53,3616,3158,Insulation Failure,1
231,73.42,4.59,28,4850,3624,Open Circuit,0
237,15.12,16.59,30,3680,4938,Open Circuit,1
211,18.3,10.65,29,368,689,Short Circuit,1
215,30.05,7.78,36,1876,2622,Insulation Failure,1
237,30.32,2.89,87,2562,2212,Insulation Failure,1
237,74.56,14.84,67,1368,382,Open Circuit,0
229,28.82,5.1,71,1115,2256,Open Circuit,1
239,65.14,7.74,44,2822,3810,Short Circuit,0
220,51.96,1.72,40,1183,3503,Short Circuit,0
237,59.46,16.13,84,4201,1412,Open Circuit,1
234,84.62,15.45,82,506,1583,Insulation Failure,1
248,43.42,14.81,70,3176,371,Short Circuit,0
242,78.24,6.34,55,1085,610,Open Circuit,0
210,45.09,3.88,85,3703,115,Open Circuit,1
236,38.62,12.93,34,4585,446,Insulation Failure,0
222,96.07,10.18,58,809,1391,Open Circuit,1
212,22.52,3.98,89,2718,3324,Open Circuit,1
248,13.58,13.88,20,4949,1340,Short Circuit,0
215,78.24,19.83,42,1511,4510,Open Circuit,1
217,11.48,15.07,58,4721,2939,Open Circuit,1
236,84.52,14.93,76,1585,3699,Short Circuit,1
218,46.53,19.03,53,3050,1073,Insulation Failure,1
246,91.97,4.46,60,4751,4813,Insulation Failure,1
242,73.55,11.53,32,3034,3569,Short Circuit,0
233,62.99,19.6,89,4214,3150,Short Circuit,1
224,95.18,3.72,25,4770,1605,Insulation Failure,0
241,42.68,14.15,71,1103,4657,Insulation Failure,1
241,95.64,11.92,22,2566,2294,Insulation Failure,1
233,17.83,11.94,82,2566,3662,Insulation Failure,1
221,50.96,14.1,68,2038,4482,Insulation Failure,1
248,30.64,18.63,66,2039,4797,Short Circuit,1
211,56.29,15.76,74,1735,983,Open Circuit,1
212,20.39,1.59,83,1798,351,Insulation Failure,1
246,84.95,17.13,84,4627,1724,Insulation Failure,1
226,85.41,4.9,86,2191,1951,Open Circuit,1
211,95.75,7.85,34,1995,1279,Open Circuit,1
211,19.69,9.5,51,4340,1907,Open Circuit,0
237,64.22,9.88,87,3498,4848,Open Circuit,1
232,50.05,8.99,37,1173,1024,Open Circuit,0
246,37.72,18.78,62,2502,545,Open Circuit,0
241,38.4,14.27,54,4995,4174,Short Circuit,0
242,44.22,12.81,77,3312,2381,Open Circuit,0
210,71.97,1.47,52,4137,888,Open Circuit,0
228,61.84,18.13,33,1251,1105,Short Circuit,1
211,48.67,18.23,53,2545,2549,Open Circuit,1
235,12.21,15.71,80,2056,1990,Insulation Failure,1
241,12.39,0.64,23,4658,3998,Insulation Failure,0
215,5.22,1.62,78,4007,3775,Open Circuit,1
241,96.93,4.89,48,907,2812,Short Circuit,1
213,5.5,3.06,25,286,920,Insulation Failure,1
220,14.79,8.28,68,4927,4645,Short Circuit,1
226,34.89,18.49,59,4624,2061,Insulation Failure,0
247,81.71,9.71,84,1407,4487,Open Circuit,1
233,96.4,0.76,88,2384,3639,Short Circuit,1
214,80.05,6.01,46,4966,3165,Short Circuit,1
243,70.6,1.37,25,857,4435,Short Circuit,0
215,54.52,1.21,32,4331,2644,Insulation Failure,0
231,13.24,5.88,83,4987,4852,Insulation Failure,1
220,96.03,5.87,81,3954,1045,Insulation Failure,1
225,77.05,15.85,38,4366,3556,Open Circuit,1
242,65.7,19.51,62,2306,2681,Insulation Failure,1
218,77.11,7.74,39,3658,3199,Open Circuit,1
215,73.79,8.86,87,1680,938,Short Circuit,1
225,65.54,16.97,63,1061,4943,Short Circuit,1
238,98.15,5.73,42,3947,441,Open Circuit,0
212,90.82,3.55,21,3675,2550,Insulation Failure,1
229,66.43,17.14,41,975,4225,Open Circuit,1
245,70.85,1.41,76,2518,596,Short Circuit,0
228,9.9,12.58,26,4298,1505,Short Circuit,0
235,68.64,11.46,75,1101,861,Open Circuit,0
212,9.2,7.25,86,3484,2640,Insulation Failure,1
228,60.89,6.65,35,4166,3731,Insulation Failure,0
229,99.94,15.55,70,2945,1551,Open Circuit,1
241,57.8,2.19,31,1581,3236,Open Circuit,0
216,49.95,5.12,72,3401,1736,Insulation Failure,1
242,34.72,14.78,24,757,1449,Short Circuit,0
249,16.45,11.19,46,2880,264,Open Circuit,0
248,74.45,3.0,31,522,2659,Insulation Failure,0
227,23.3,17.7,36,3781,2721,Insulation Failure,0
249,15.95,8.17,25,4366,1462,Short Circuit,0
210,45.07,16.64,24,2810,4252,Short Circuit,1
220,80.56,15.86,76,552,1445,Short Circuit,1
237,75.78,12.68,47,2497,2298,Short Circuit,0
234,10.21,10.14,88,2075,2925,Short Circuit,1
232,48.24,19.6,78,1757,1632,Open Circuit,1
240,54.63,3.33,52,2641,2374,Insulation Failure,0
239,66.23,14.64,81,3175,4990,Open Circuit,1
244,66.77,4.23,69,3264,512,Open Circuit,0
216,39.65,7.1,38,3066,215,Open Circuit,0
225,58.26,6.52,88,2153,3331,Open Circuit,1
235,50.7,18.97,85,387,2172,Open Circuit,1
211,89.07,19.36,66,3317,3153,Short Circuit,1
210,55.38,4.07,58,3954,1706,Short Circuit,0
221,46.9,0.93,87,1547,2106,Insulation Failure,1
214,43.43,14.54,52,707,1567,Open Circuit,1
246,59.38,8.65,32,4652,2208,Insulation Failure,0
241,81.38,2.23,73,1864,2331,Short Circuit,1
218,56.15,13.83,26,1325,2153,Short Circuit,1
244,67.86,11.13,33,1335,1128,Short Circuit,0
228,75.1,19.62,38,1129,3510,Open Circuit,1
225,54.42,4.93,73,2771,4323,Open Circuit,1
212,45.55,8.38,39,4062,3653,Short Circuit,1
229,88.28,11.08,48,4642,2365,Insulation Failure,0
233,44.66,15.94,43,3277,4897,Insulation Failure,1
242,48.88,11.2,82,3822,2921,Short Circuit,0
233,99.08,12.45,76,1575,4567,Insulation Failure,1
220,5.02,4.91,27,2996,1079,Short Circuit,0
217,22.62,17.01,81,908,3511,Insulation Failure,1
245,41.48,8.86,48,1078,2741,Short Circuit,0
247,93.6,3.25,36,2563,3020,Insulation Failure,1
249,11.65,13.45,85,825,228,Open Circuit,0
229,5.9,4.71,25,2601,170,Short Circuit,0
244,10.0,2.4,77,3462,294,Short Circuit,0
234,13.41,17.31,88,1316,4284,Insulation Failure,1
244,8.57,9.47,47,4151,425,Short Circuit,0
234,50.58,15.11,81,2297,918,Short Circuit,1
238,60.17,6.17,60,2906,3253,Short Circuit,0
227,30.81,15.85,88,878,498,Open Circuit,1
227,42.84,2.68,60,1072,2809,Open Circuit,0
211,13.71,7.44,68,2910,4961,Insulation Failure,1
244,36.96,19.57,68,2223,825,Open Circuit,1
225,54.64,15.98,22,698,3779,Insulation Failure,1
245,74.57,10.2,29,3441,1858,Open Circuit,0
242,5.32,7.13,54,324,2118,Insulation Failure,0
213,49.39,17.51,21,940,145,Open Circuit,1
242,33.22,11.12,43,1914,4565,Open Circuit,0
223,86.02,15.29,57,4909,3577,Insulation Failure,1
230,72.98,15.21,41,1206,192,Short Circuit,0
229,60.97,0.85,45,224,3888,Short Circuit,0
217,31.34,2.96,62,3346,51,Open Circuit,0
216,91.48,13.36,74,3031,2410,Insulation Failure,1
212,9.28,3.65,58,4225,1820,Short Circuit,0
226,15.4,5.48,48,3071,2964,Insulation Failure,0
242,42.2,18.96,39,2117,2521,Short Circuit,1
221,16.82,11.42,60,2515,1869,Insulation Failure,0
231,95.86,15.14,73,4690,2568,Open Circuit,1
231,80.81,11.38,39,3196,1867,Insulation Failure,0
239,29.6,11.27,38,1709,2738,Short Circuit,0
247,60.91,2.34,85,817,3269,Open Circuit,1
247,98.32,7.2,49,3661,3199,Insulation Failure,1
217,89.0,6.01,72,1116,2579,Short Circuit,1
236,62.08,8.12,53,3665,4005,Open Circuit,0
236,90.85,16.07,41,4801,4935,Insulation Failure,1
243,98.97,7.75,86,4570,240,Short Circuit,1
230,75.62,9.31,25,2060,3440,Insulation Failure,0
239,11.17,8.25,46,1148,4631,Insulation Failure,0
242,43.15,2.32,29,1457,1407,Open Circuit,0
237,84.59,9.1,67,3526,3502,Open Circuit,1
242,26.9,4.31,89,215,4038,Short Circuit,1
214,83.91,4.14,78,2195,82,Open Circuit,1
228,16.43,2.33,78,1901,3768,Short Circuit,1
213,9.46,7.46,21,2246,950,Insulation Failure,0
244,41.49,15.27,48,1720,610,Insulation Failure,0
226,8.49,5.89,87,4880,4669,Short Circuit,1
237,95.94,6.59,84,3050,3605,Insulation Failure,1
239,83.49,13.03,45,3892,4554,Open Circuit,1
238,81.07,4.32,29,3041,3283,Insulation Failure,1
215,64.83,17.99,72,1077,2173,Open Circuit,1
244,25.55,10.64,78,3166,3484,Short Circuit,1
246,54.23,9.23,41,883,1522,Short Circuit,0
233,61.74,11.38,70,340,2601,Insulation Failure,1
238,54.88,3.74,67,1653,2657,Insulation Failure,1
240,29.72,12.46,40,4678,2159,Open Circuit,0
244,53.95,7.58,41,1112,2449,Open Circuit,0
242,51.66,18.0,49,286,3830,Insulation Failure,1
230,99.65,3.79,44,1981,121,Insulation Failure,0
241,90.26,10.39,47,4686,4368,Short Circuit,1
232,49.02,12.16,84,530,1317,Short Circuit,1
242,64.18,1.15,64,338,4493,Short Circuit,0
212,76.05,7.59,87,2445,2518,Insulation Failure,1
227,8.31,14.79,26,175,1230,Insulation Failure,0
234,90.02,16.5,68,1456,1133,Insulation Failure,1
240,86.71,6.61,28,2430,1301,Short Circuit,0
212,48.46,16.07,55,4786,4034,Insulation Failure,1
249,42.16,19.37,20,2002,1910,Open Circuit,1
233,30.93,17.21,29,4113,1505,Insulation Failure,0
241,50.28,2.79,55,4770,3185,Insulation Failure,0
231,9.22,14.92,65,2159,1916,Insulation Failure,0
232,85.96,6.73,51,240,4915,Insulation Failure,1
211,8.37,19.77,51,1889,3548,Insulation Failure,1
236,36.26,9.96,25,3726,2757,Open Circuit,0
211,93.5,2.89,67,116,1956,Open Circuit,1
235,74.85,14.64,57,4448,178,Insulation Failure,0
226,31.73,6.8,36,564,896,Short Circuit,0
249,29.0,19.94,46,4571,1551,Insulation Failure,0
242,5.48,19.61,73,1927,491,Insulation Failure,1
218,71.09,13.29,69,3128,60,Insulation Failure,1
248,9.63,3.03,54,619,1077,Short Circuit,0
238,55.6,13.89,44,189,2895,Short Circuit,0
235,96.4,2.31,47,4915,4160,Short Circuit,1
244,15.4,1.07,34,2951,3683,Open Circuit,0
234,89.98,16.55,23,2943,585,Short Circuit,1
233,99.19,4.59,46,4825,3960,Open Circuit,1
222,10.84,7.89,45,1984,3770,Open Circuit,0
216,88.88,19.48,38,4271,534,Short Circuit,1
245,54.03,7.07,36,1025,3462,Short Circuit,0
229,91.12,6.28,62,3834,4011,Short Circuit,1
210,59.28,18.41,60,1069,3398,Open Circuit,1
217,67.9,2.66,61,1194,2155,Insulation Failure,1
225,56.66,15.31,69,3295,1004,Short Circuit,1
223,87.13,19.77,59,1504,2499,Short Circuit,1
221,74.72,18.08,58,3464,326,Short Circuit,0
232,54.52,13.21,42,4390,4703,Open Circuit,0
224,87.48,6.62,71,4082,2706,Open Circuit,1
237,28.3,5.46,66,4423,1,Insulation Failure,0
243,19.95,16.48,82,4113,1033,Short Circuit,1
211,20.24,17.66,88,4656,2481,Open Circuit,1
241,36.73,10.75,62,4813,124,Insulation Failure,0
232,27.68,5.26,67,3192,1104,Short Circuit,0
231,93.36,2.7,53,4259,2699,Open Circuit,0
234,15.05,2.2,59,2174,1861,Short Circuit,0
231,71.4,14.52,80,384,2920,Short Circuit,1
231,22.98,8.69,69,1287,128,Open Circuit,0
215,88.76,18.15,86,4069,437,Open Circuit,1
224,96.32,14.92,81,3065,4846,Open Circuit,1
246,49.22,4.23,77,4419,2548,Short Circuit,0
242,88.51,12.47,52,883,3129,Short Circuit,1
217,5.49,8.99,35,1049,1221,Insulation Failure,1
214,82.89,11.76,67,4039,901,Short Circuit,1
248,26.72,14.89,29,144,3168,Open Circuit,0
213,91.33,16.22,57,1910,4486,Short Circuit,1
215,5.11,16.95,38,4666,3918,Insulation Failure,1
241,57.84,5.45,55,2181,1067,Insulation Failure,0
239,76.88,1.11,78,3598,26,Open Circuit,0
244,29.58,14.92,82,929,547,Open Circuit,0
249,23.35,2.57,65,2009,2668,Insulation Failure,0
225,12.99,6.64,22,2681,566,Insulation Failure,0
222,36.01,0.57,84,791,703,Insulation Failure,1
239,58.19,13.79,27,4119,4280,Open Circuit,0
228,16.01,3.76,70,1031,3140,Insulation Failure,1
226,40.79,13.28,25,3506,1590,Insulation Failure,0
228,5.86,19.84,58,247,4943,Open Circuit,1
237,82.77,1.92,79,1132,4694,Short Circuit,1
235,17.2,2.0,47,1411,805,Short Circuit,0
246,31.92,7.14,73,487,3791,Insulation Failure,1
235,6.75,17.39,56,3221,1357,Short Circuit,0
232,46.06,4.7,28,1973,3225,Short Circuit,0
218,84.81,7.53,75,3688,3618,Short Circuit,1
221,42.25,1.84,78,1015,2126,Short Circuit,1
210,22.05,15.38,21,1978,2460,Insulation Failure,1
210,76.6,8.46,80,3848,545,Short Circuit,1
243,79.94,15.31,77,377,2728,Short Circuit,1
241,21.51,18.12,79,2077,3734,Open Circuit,1
234,78.23,5.04,59,1959,2562,Insulation Failure,0
249,94.99,16.24,55,3136,2079,Open Circuit,1
210,20.81,1.65,56,3471,2641,Open Circuit,0
225,78.24,18.03,37,4813,3114,Insulation Failure,0
248,72.31,13.19,82,2282,1926,Short Circuit,1
214,49.99,17.55,41,4775,616,Open Circuit,1
231,10.5,0.5,30,1270,3644,Insulation Failure,0
238,12.1,3.8,77,589,1203,Short Circuit,1
212,85.98,8.1,76,2625,1759,Insulation Failure,1
221,99.06,7.9,23,1282,2565,Open Circuit,1
235,69.22,4.92,26,4579,3174,Short Circuit,0
225,47.37,7.94,80,4358,3081,Short Circuit,0
246,66.52,3.01,73,2588,2630,Insulation Failure,1
231,61.47,8.55,87,1976,3161,Short Circuit,1
238,41.44,16.15,20,2562,4321,Open Circuit,1
223,11.23,9.84,74,1730,669,Open Circuit,0
237,83.04,0.85,22,387,3168,Open Circuit,1
214,40.32,8.72,57,4382,2121,Insulation Failure,0
239,82.78,1.03,20,2007,4078,Short Circuit,1
214,28.99,19.34,57,1261,4151,Short Circuit,1
221,5.1,2.99,48,229,719,Short Circuit,0
225,20.1,14.3,24,2463,2600,Open Circuit,0
235,49.51,19.47,40,243,3598,Short Circuit,1
235,94.71,16.61,86,115,4669,Open Circuit,1
230,14.71,14.14,66,344,666,Short Circuit,1
248,86.15,16.87,54,1026,283,Open Circuit,1
245,55.07,19.65,87,3278,3903,Short Circuit,1
242,83.46,12.62,88,2276,3565,Insulation Failure,1
239,33.35,11.4,20,986,2234,Insulation Failure,0
246,84.79,12.75,87,440,4593,Open Circuit,1
232,78.42,10.89,31,2151,1465,Open Circuit,0
219,26.86,12.88,79,3498,129,Short Circuit,1
214,17.48,9.27,46,4050,4734,Short Circuit,1
245,87.47,4.76,75,405,2060,Insulation Failure,1
243,96.51,2.84,42,1007,3672,Short Circuit,1
240,7.97,1.83,44,2754,2494,Open Circuit,0
219,74.47,5.63,40,3892,992,Open Circuit,0
228,91.4,1.4,80,4142,2121,Open Circuit,1
241,86.45,11.56,82,1471,2584,Open Circuit,1
210,96.63,6.03,71,420,4196,Open Circuit,1
214,77.21,16.58,44,4754,2223,Insulation Failure,1
213,47.02,1.95,74,4159,4522,Insulation Failure,1
225,34.64,4.91,65,1231,3188,Open Circuit,0
233,35.47,14.74,51,2678,3237,Short Circuit,0
225,73.82,12.18,74,4142,4136,Open Circuit,1
211,75.85,1.76,24,3467,4524,Insulation Failure,1
237,24.03,17.61,55,917,343,Open Circuit,0
241,87.47,17.61,68,111,4461,Insulation Failure,1
236,72.92,6.94,77,294,4704,Insulation Failure,1
229,58.46,7.14,58,2637,4823,Open Circuit,0
233,49.8,19.79,80,2942,2276,Open Circuit,1
221,56.61,12.71,28,2329,4920,Short Circuit,0
244,20.13,10.86,25,3109,3201,Insulation Failure,0
242,24.35,16.84,54,4851,888,Short Circuit,0
242,13.66,6.06,58,2177,2043,Open Circuit,0
246,19.6,8.87,41,3967,1341,Insulation Failure,0
221,48.1,5.72,60,4973,3720,Short Circuit,0
212,55.38,15.89,24,543,2883,Short Circuit,1
210,6.7,11.68,61,397,4212,Short Circuit,1
242,80.7,13.35,86,944,2415,Open Circuit,1
249,32.95,5.42,49,1115,1117,Open Circuit,0
219,91.62,4.79,76,1484,4263,Open Circuit,1
238,96.91,10.02,48,1497,3001,Insulation Failure,1
222,22.62,14.88,56,653,1738,Open Circuit,0
221,48.9,10.74,32,2450,1364,Insulation Failure,0
240,5.12,1.14,51,4616,2708,Short Circuit,0
211,61.84,17.44,65,1369,4790,Short Circuit,1
244,62.69,1.76,42,1360,924,Open Circuit,0
232,28.52,19.14,64,284,151,Short Circuit,0
226,58.05,0.99,36,4663,585,Open Circuit,0
235,26.43,14.04,85,2510,912,Insulation Failure,0
217,20.28,2.1,25,4531,2321,Short Circuit,0
238,66.89,18.26,37,2309,495,Open Circuit,0
235,35.96,9.56,41,3772,3795,Short Circuit,0
219,61.08,3.18,52,4783,2148,Short Circuit,0
235,46.16,7.15,49,1981,556,Open Circuit,0
243,98.51,3.71,51,4396,1552,Short Circuit,0
216,19.21,3.83,61,621,2120,Short Circuit,1
213,49.14,18.99,29,1987,3085,Short Circuit,1
220,69.64,9.18,55,2652,3504,Short Circuit,0
238,42.58,15.88,53,3909,156,Insulation Failure,0
245,97.6,12.97,47,4983,734,Short Circuit,0
234,73.58,13.69,30,4255,4654,Short Circuit,0
230,67.41,3.07,58,4773,3276,Open Circuit,0
245,76.92,5.07,66,4516,154,Insulation Failure,0
219,95.5,15.84,38,3579,996,Open Circuit,1
246,91.24,19.43,34,1509,2294,Open Circuit,1
218,73.81,5.62,47,1794,4626,Open Circuit,1
233,76.17,5.8,43,4764,2905,Insulation Failure,0
244,18.86,9.72,28,626,4824,Open Circuit,0
244,14.77,19.68,66,2760,1177,Open Circuit,1
245,59.24,5.74,52,2272,153,Open Circuit,0
227,6.74,8.44,81,379,4187,Short Circuit,1
248,50.82,17.88,38,3064,1716,Open Circuit,0
241,24.98,0.56,86,4077,3202,Insulation Failure,0
233,37.87,1.28,59,2769,2857,Insulation Failure,0
232,78.7,12.28,66,2993,786,Short Circuit,0
241,94.42,18.19,84,1851,4368,Insulation Failure,1
246,11.88,5.16,48,4081,4272,Insulation Failure,0
221,55.75,9.66,69,4869,3767,Short Circuit,0
222,88.84,9.28,32,2461,2878,Open Circuit,1
232,12.84,9.72,20,4527,642,Short Circuit,0
234,83.33,12.64,53,4231,4662,Open Circuit,1
244,38.99,9.66,67,1808,665,Open Circuit,0
239,35.6,9.23,67,2786,3426,Insulation Failure,1
226,97.86,9.75,68,2995,3783,Short Circuit,1
229,24.08,12.02,83,4635,3701,Insulation Failure,0
234,70.85,10.97,80,2876,1069,Insulation Failure,0
231,83.04,17.16,48,1219,2349,Open Circuit,1
222,8.91,1.47,58,3088,4503,Insulation Failure,0
228,68.69,16.75,45,4359,1212,Short Circuit,0
245,95.4,16.96,36,4343,1152,Insulation Failure,1
221,16.8,6.06,32,294,2511,Insulation Failure,0
228,90.14,9.53,88,762,143,Open Circuit,1
221,61.5,9.05,45,579,2489,Short Circuit,0
218,63.58,4.76,68,4318,3228,Insulation Failure,1
216,63.23,8.24,86,1523,4582,Open Circuit,1
237,33.39,1.37,26,2808,4955,Insulation Failure,0
223,93.84,5.92,77,3275,3205,Short Circuit,1
240,95.0,16.43,68,3914,4243,Insulation Failure,1
228,64.4,6.05,72,2114,3142,Insulation Failure,1
225,79.43,16.46,84,3889,3304,Open Circuit,1
214,63.16,10.87,81,4905,1357,Insulation Failure,1
244,51.02,17.66,36,2543,2713,Open Circuit,1
221,67.78,11.71,62,1011,4185,Short Circuit,0
234,57.54,1.08,44,3313,1357,Insulation Failure,0
230,61.76,13.67,22,2464,4294,Short Circuit,0
245,79.46,1.37,48,3729,4633,Short Circuit,0
232,50.69,9.29,51,3572,3192,Insulation Failure,0
225,8.87,18.62,45,780,300,Open Circuit,0
248,20.58,3.72,35,4751,723,Short Circuit,0
248,46.67,8.1,44,709,3010,Short Circuit,0
223,73.86,14.73,73,2256,67,Insulation Failure,0
240,61.36,17.7,47,3966,3836,Insulation Failure,1
214,66.78,13.58,75,471,3993,Insulation Failure,1
244,50.53,5.53,84,715,2506,Insulation Failure,1
232,63.5,13.65,60,2353,1537,Insulation Failure,0
238,36.26,6.29,70,4238,397,Insulation Failure,0
220,49.67,14.51,48,964,4715,Open Circuit,0
227,75.71,19.1,38,1368,3357,Short Circuit,1
221,87.82,14.57,85,884,1163,Open Circuit,1
218,46.2,17.33,60,4671,4825,Open Circuit,1
219,9.15,0.54,64,4278,555,Insulation Failure,0
226,20.36,14.49,34,2337,3661,Short Circuit,0
247,6.98,16.68,22,4154,1751,Open Circuit,0
216,67.06,1.29,30,4995,2941,Insulation Failure,0
222,36.57,17.5,72,1035,2657,Insulation Failure,1
249,56.54,5.51,65,4080,2795,Short Circuit,0
218,51.86,13.47,49,2438,2329,Open Circuit,1
236,12.75,16.11,76,425,1959,Open Circuit,1
211,43.31,13.42,37,1634,1601,Open Circuit,1
214,25.95,2.3,70,3580,2793,Insulation Failure,1
238,44.75,12.13,67,3961,1480,Short Circuit,0
246,24.34,11.22,85,2085,1102,Short Circuit,0
247,84.84,18.06,27,4703,3276,Open Circuit,1
228,21.55,8.38,41,2878,1299,Insulation Failure,0
217,96.27,6.76,25,1370,4994,Open Circuit,1
210,44.51,15.12,76,740,3879,Short Circuit,1
231,85.39,8.55,55,4803,1535,Insulation Failure,0
226,64.73,13.1,76,4178,77,Open Circuit,0
216,74.86,13.11,68,4761,2831,Open Circuit,1
234,77.93,17.82,64,1467,3410,Insulation Failure,1
213,52.96,12.17,85,4142,2721,Short Circuit,1
245,56.61,10.29,64,2675,3627,Insulation Failure,0
215,53.83,3.21,39,3703,1532,Open Circuit,0
240,60.87,2.76,83,1681,237,Open Circuit,0
228,7.79,3.51,86,2086,1996,Open Circuit,1
248,42.57,3.85,22,2340,3427,Open Circuit,0
236,62.59,12.94,73,4066,277,Short Circuit,0
219,61.78,14.95,83,2205,3089,Short Circuit,1
235,80.33,10.83,59,228,523,Open Circuit,1
228,67.23,16.67,78,4901,4275,Short Circuit,1
248,99.25,19.83,74,4096,4218,Short Circuit,1
212,31.97,16.49,81,951,3122,Short Circuit,1
222,39.12,14.05,23,4203,4575,Open Circuit,0
237,41.47,10.88,79,2176,1797,Insulation Failure,1
229,49.25,9.25,49,3094,2131,Insulation Failure,0
237,84.42,2.15,21,3844,815,Insulation Failure,0
217,27.4,8.29,81,2856,2694,Open Circuit,1
248,78.72,18.25,68,1744,442,Short Circuit,1
210,43.5,16.26,28,4471,3140,Short Circuit,1
212,62.18,4.71,50,3244,142,Open Circuit,0
222,65.09,9.6,80,342,4287,Open Circuit,1
237,40.42,16.43,67,4185,1410,Insulation Failure,1
234,53.7,1.81,44,270,4473,Insulation Failure,0
242,44.24,8.05,55,752,534,Open Circuit,0
247,11.57,17.11,27,3612,1716,Insulation Failure,0
215,46.53,8.38,77,1599,3364,Short Circuit,1
241,14.25,2.01,64,2199,1032,Open Circuit,0
230,43.48,11.08,81,2258,3342,Open Circuit,1
225,61.33,17.3,58,2072,1410,Short Circuit,0
230,60.04,12.01,77,4025,4500,Short Circuit,1
220,67.95,4.91,83,2358,1172,Short Circuit,0
246,14.05,7.99,63,4139,888,Insulation Failure,0
245,66.95,9.28,48,2135,3338,Open Circuit,0
244,34.65,11.8,78,3371,4517,Insulation Failure,1
228,42.91,15.31,28,957,1641,Short Circuit,1
229,86.51,2.43,25,3923,471,Insulation Failure,0
227,5.86,17.85,48,1149,2940,Short Circuit,1
223,60.9,0.74,77,4090,546,Insulation Failure,0
224,61.88,7.72,36,398,4726,Insulation Failure,0
240,42.68,1.03,35,1023,3597,Short Circuit,0
210,27.52,8.16,22,4332,2825,Insulation Failure,0
212,27.29,10.75,40,4406,3723,Open Circuit,1
225,88.95,10.48,83,2899,363,Insulation Failure,1
232,46.99,3.73,55,4975,2166,Insulation Failure,0
220,36.43,13.09,81,4162,3309,Open Circuit,0
221,47.63,1.37,61,4145,545,Short Circuit,0
219,68.59,15.36,61,1902,3240,Open Circuit,1
241,18.85,18.96,80,2813,4729,Insulation Failure,1
225,47.7,7.13,32,4606,1936,Short Circuit,0
217,60.85,10.59,30,2953,962,Insulation Failure,0
247,95.12,7.89,73,2757,3005,Insulation Failure,1
221,28.99,0.63,35,4622,3806,Open Circuit,0
233,39.13,8.02,27,3446,882,Open Circuit,0
237,41.04,15.94,78,1571,3840,Short Circuit,1
217,62.53,12.12,76,3049,870,Short Circuit,1
237,38.89,2.47,59,1041,4611,Short Circuit,0
245,55.68,17.02,78,2007,2985,Insulation Failure,1
235,79.27,10.86,21,4937,865,Open Circuit,0
217,72.01,16.91,29,1343,4309,Open Circuit,1
237,47.41,11.81,63,4523,3203,Open Circuit,0
237,87.1,11.41,30,1566,2897,Short Circuit,1
246,58.02,2.55,21,4057,2244,Open Circuit,0
245,56.29,3.76,69,2066,18,Open Circuit,0
236,8.25,19.45,31,475,641,Open Circuit,1
226,98.74,4.96,42,362,3083,Short Circuit,1
218,16.68,19.56,37,4462,329,Open Circuit,1
242,26.96,10.87,81,3488,865,Short Circuit,0
229,9.91,3.15,81,3495,773,Open Circuit,0
222,65.8,2.44,57,2044,4487,Open Circuit,0
237,26.35,4.57,86,1993,4732,Open Circuit,1
238,22.1,18.55,57,3734,2354,Short Circuit,0
222,13.41,8.58,86,1752,3338,Short Circuit,1
244,14.81,8.21,80,4241,3518,Open Circuit,1
215,60.54,6.61,20,3992,2942,Insulation Failure,0
227,70.38,3.37,64,699,2567,Short Circuit,0
214,42.75,10.01,47,4915,1674,Short Circuit,0
234,50.59,3.04,40,2012,2683,Open Circuit,0
211,70.17,16.79,32,1392,3380,Insulation Failure,1
219,6.65,7.72,46,700,739,Open Circuit,1
239,35.7,7.81,26,480,1545,Short Circuit,0
214,97.44,9.74,41,4313,4564,Short Circuit,1
242,60.11,9.16,72,3737,2259,Open Circuit,0
210,29.15,19.9,23,2263,1135,Open Circuit,1
227,54.56,11.13,42,4455,873,Insulation Failure,0
241,37.55,2.22,89,1198,4555,Insulation Failure,1
220,55.56,12.33,52,465,2300,Short Circuit,0
230,16.95,3.46,47,2670,751,Insulation Failure,0
235,17.61,1.1,27,3519,853,Insulation Failure,0
234,18.64,19.43,20,2576,3732,Short Circuit,1
231,94.28,15.58,56,890,2283,Short Circuit,1
236,74.63,19.61,82,3669,1329,Short Circuit,1
222,20.43,9.82,41,846,477,Short Circuit,0
242,22.89,10.88,89,412,2726,Open Circuit,1
243,74.43,3.78,40,4733,3091,Short Circuit,0
244,19.84,5.31,54,1020,4230,Short Circuit,0
210,27.28,16.85,24,1177,4505,Short Circuit,1
230,96.52,7.45,79,2929,1269,Insulation Failure,1
215,29.25,16.62,65,2481,4181,Short Circuit,1
237,67.86,14.33,69,3718,2603,Open Circuit,0
226,97.97,3.95,67,897,1469,Open Circuit,1
214,40.56,10.4,25,4543,377,Short Circuit,0
240,6.66,13.71,75,372,1680,Open Circuit,1
214,28.19,5.08,78,3110,241,Insulation Failure,1
247,83.93,16.7,48,4915,919,Short Circuit,1
212,87.14,11.12,37,1873,69,Open Circuit,1
232,78.01,3.72,21,2647,3924,Open Circuit,0
246,15.75,11.87,27,3264,2086,Short Circuit,0
246,80.57,19.99,73,4880,2007,Open Circuit,1
219,92.27,3.44,57,4817,800,Short Circuit,1
219,62.06,16.43,67,1046,2779,Open Circuit,1
228,94.38,4.54,46,2765,4920,Insulation Failure,1
226,83.55,15.76,39,606,755,Open Circuit,1
230,68.36,14.82,31,343,1995,Open Circuit,0
223,59.83,6.36,62,605,1321,Short Circuit,0
218,38.11,6.85,80,4617,2330,Open Circuit,1
210,20.13,15.95,50,3258,109,Short Circuit,1
222,62.47,9.5,80,3690,1016,Insulation Failure,0
213,35.22,14.75,86,1972,3865,Short Circuit,1
210,87.31,3.39,54,3893,24,Short Circuit,1
249,99.37,17.12,34,1292,4938,Open Circuit,1
241,76.48,14.36,35,4525,2838,Insulation Failure,0
243,13.6,18.19,32,4845,737,Short Circuit,0
237,32.43,3.08,54,1564,179,Open Circuit,0
240,15.37,12.06,78,490,231,Open Circuit,0
217,66.8,12.18,40,4576,1917,Short Circuit,0
248,77.69,7.39,73,3477,342,Open Circuit,0
235,92.94,9.44,49,4937,4572,Short Circuit,1
243,46.63,1.24,67,772,2623,Short Circuit,1
212,90.63,15.04,54,2660,454,Short Circuit,1
221,88.4,11.21,57,1311,4384,Insulation Failure,1
210,35.13,1.63,50,1029,4625,Short Circuit,1
214,87.55,13.77,43,1639,2276,Open Circuit,1
239,40.69,9.6,68,1012,595,Insulation Failure,0
239,33.2,1.17,51,743,3874,Open Circuit,0
226,66.66,19.41,74,4622,4530,Insulation Failure,1
232,36.2,19.01,77,601,4977,Insulation Failure,1
224,64.87,10.5,22,829,4497,Insulation Failure,0
246,62.93,2.33,88,1383,2669,Insulation Failure,1
230,58.53,15.22,29,2218,2135,Open Circuit,1
223,41.14,10.09,44,4652,3964,Short Circuit,0
211,57.11,6.4,87,4486,1565,Open Circuit,1
220,61.67,10.08,80,3936,308,Short Circuit,0
248,56.84,10.69,48,1019,342,Open Circuit,0
247,47.22,11.47,38,4150,435,Insulation Failure,0
243,6.39,9.1,62,2439,176,Insulation Failure,0
247,60.77,12.31,85,855,138,Short Circuit,0
243,21.0,18.42,80,1969,193,Short Circuit,1
227,66.04,7.56,62,4572,3257,Open Circuit,0
239,77.14,14.65,44,607,3235,Short Circuit,0
224,52.54,17.94,39,1536,942,Open Circuit,0
236,56.52,9.39,67,2675,4620,Short Circuit,1
243,95.39,9.15,43,3526,3879,Short Circuit,1
247,85.48,12.24,30,658,3113,Short Circuit,1
242,91.85,12.03,74,3202,2962,Insulation Failure,1
233,82.31,16.23,47,4616,4836,Insulation Failure,1
224,15.35,9.79,88,3722,4957,Open Circuit,1
239,19.15,19.92,82,4499,953,Short Circuit,1
226,55.03,1.66,78,4157,1302,Open Circuit,0
214,28.38,0.56,24,3815,3381,Short Circuit,1
238,50.29,12.98,70,1401,2880,Insulation Failure,1
213,42.46,6.32,40,2255,2187,Insulation Failure,1
219,57.19,5.19,31,792,4887,Short Circuit,1
226,75.95,6.58,69,4450,545,Short Circuit,0
219,72.97,5.49,23,1578,1927,Insulation Failure,1
226,54.52,1.1,61,356,4152,Insulation Failure,0
229,83.13,19.44,57,2530,4,Open Circuit,1
233,45.93,4.8,44,541,3481,Insulation Failure,0
214,90.19,14.81,33,1981,3253,Short Circuit,1
243,11.77,15.37,51,2746,1362,Open Circuit,0
215,95.69,18.62,30,3920,1820,Short Circuit,1
211,67.2,1.1,80,4777,2663,Open Circuit,1
222,41.11,17.5,37,1835,2938,Short Circuit,1
220,23.73,10.78,46,3835,1273,Insulation Failure,0
232,50.52,12.83,74,2745,3326,Short Circuit,1
225,23.48,13.07,73,118,3659,Open Circuit,1
240,20.8,16.49,40,1224,2945,Short Circuit,1
220,63.65,7.0,63,4085,3018,Open Circuit,0
225,54.69,14.79,24,2754,1131,Short Circuit,0
217,68.66,10.81,60,2180,4763,Insulation Failure,1
213,93.31,15.97,78,1647,2636,Insulation Failure,1
249,55.56,19.82,73,961,3029,Short Circuit,1
213,60.19,4.41,41,254,3019,Short Circuit,1
234,13.51,19.9,84,3594,4377,Short Circuit,1
212,73.18,2.25,83,1004,3159,Open Circuit,1
241,42.99,0.55,23,1369,253,Short Circuit,0
212,97.79,1.36,84,504,328,Short Circuit,1
236,83.2,7.16,34,943,2591,Open Circuit,1
238,54.64,12.84,41,1882,2830,Insulation Failure,0
241,16.71,1.85,66,1664,3044,Short Circuit,1
228,86.64,0.61,65,1284,1420,Short Circuit,1
230,80.98,18.77,33,846,3401,Insulation Failure,1
214,22.54,16.53,69,1825,2892,Insulation Failure,1
227,33.05,16.28,39,3288,654,Open Circuit,0
237,80.37,17.75,69,370,759,Short Circuit,1
231,22.6,14.15,52,4965,1798,Short Circuit,0
230,92.19,2.54,78,4056,2971,Open Circuit,1
215,45.33,8.28,62,271,4511,Insulation Failure,1
210,13.27,14.6,31,373,3426,Open Circuit,1
214,82.5,5.97,59,2406,254,Insulation Failure,1
221,40.48,13.9,39,1258,3823,Open Circuit,0
235,55.02,0.98,57,1806,1876,Insulation Failure,0
243,15.67,6.47,22,1871,2757,Open Circuit,0
223,5.25,11.21,47,521,2624,Insulation Failure,0
235,65.61,12.83,75,1309,4995,Insulation Failure,1
236,53.94,11.75,32,4775,4121,Insulation Failure,0
218,61.39,14.11,85,990,3004,Insulation Failure,1
235,80.41,0.62,56,4917,4516,Insulation Failure,1
231,66.43,2.47,68,3367,3734,Short Circuit,1
239,21.6,17.44,85,1573,1244,Insulation Failure,1
226,39.27,13.79,55,3343,1008,Short Circuit,0
235,91.06,2.7,73,4578,4314,Insulation Failure,1
245,78.14,16.92,45,2281,1510,Short Circuit,0
210,57.88,5.22,59,1549,1959,Short Circuit,1
217,29.29,9.83,62,3196,2508,Open Circuit,0
244,33.7,3.33,41,3356,4758,Insulation Failure,0
224,74.54,14.35,39,3256,2682,Open Circuit,0
231,85.86,13.5,27,1690,989,Open Circuit,0
223,68.79,4.62,48,4339,4284,Insulation Failure,0
235,81.91,17.34,59,4081,254,Open Circuit,1
237,77.83,8.33,49,1535,4163,Insulation Failure,0
232,19.22,6.2,74,323,4711,Open Circuit,1
223,45.27,3.47,35,319,4969,Insulation Failure,0
233,19.53,5.69,65,4374,4452,Insulation Failure,0
211,27.35,0.93,81,1754,255,Insulation Failure,1
235,87.58,11.87,26,4628,1007,Short Circuit,0
223,49.92,16.92,64,364,1755,Open Circuit,1
216,55.86,11.21,78,1053,2571,Short Circuit,1
212,21.95,4.78,75,4624,3908,Open Circuit,1
232,34.67,1.16,67,3833,2997,Open Circuit,0
227,26.87,4.69,46,2874,2803,Open Circuit,0
247,24.59,8.61,72,3224,3765,Short Circuit,1
244,65.61,15.31,54,579,4379,Open Circuit,1
224,29.4,4.16,70,3614,3383,Short Circuit,1
234,65.04,14.54,56,1453,98,Insulation Failure,0
246,10.55,17.41,76,3422,196,Open Circuit,1
237,18.47,9.35,27,3978,2529,Open Circuit,0
219,31.08,16.52,39,989,877,Insulation Failure,1
248,61.72,11.32,72,3954,1868,Insulation Failure,0
226,69.2,12.92,31,1024,2665,Open Circuit,0
248,47.06,10.76,68,2270,1388,Insulation Failure,0
231,47.35,9.53,36,2002,2415,Short Circuit,0
235,73.83,5.08,83,4973,569,Short Circuit,0
234,6.5,6.41,61,2495,2637,Open Circuit,0
226,37.4,6.15,48,128,1065,Short Circuit,0
222,82.78,11.48,38,134,421,Short Circuit,1
229,62.31,2.84,30,3689,2883,Open Circuit,0
234,37.04,18.38,69,2770,1204,Insulation Failure,1
213,91.02,14.55,77,3465,544,Open Circuit,1
219,78.4,8.33,53,688,4166,Short Circuit,1
212,30.17,3.59,39,3318,3639,Open Circuit,1
227,66.3,17.7,69,3238,1223,Open Circuit,1
245,61.6,16.56,29,1003,3172,Short Circuit,1
231,43.11,14.57,51,4186,767,Short Circuit,0
243,39.86,5.8,71,2269,3657,Open Circuit,1
217,37.64,8.35,34,439,654,Short Circuit,1
249,63.63,2.5,22,4370,2446,Short Circuit,0
228,47.03,4.19,56,1814,220,Short Circuit,0
246,84.03,15.77,59,4792,3666,Short Circuit,1
215,68.61,14.44,59,4646,4277,Short Circuit,1
235,11.64,12.07,75,656,4402,Short Circuit,1
243,65.82,17.97,42,3187,2569,Insulation Failure,1
215,30.76,11.87,30,3366,1013,Open Circuit,0
246,61.32,9.61,83,3667,2051,Short Circuit,0
242,69.61,7.14,27,2156,3985,Open Circuit,0
231,26.93,18.84,75,3999,4943,Insulation Failure,1
230,48.4,2.11,79,1116,4899,Short Circuit,1
215,23.08,18.65,29,2162,4310,Open Circuit,1
215,9.97,16.62,58,938,3019,Short Circuit,1
213,40.96,3.03,47,1737,3681,Short Circuit,1
239,39.48,11.52,68,4421,1443,Short Circuit,0
220,99.57,17.4,55,3596,4196,Short Circuit,1
239,47.4,11.65,32,1913,3010,Short Circuit,0
240,36.69,18.19,55,3579,572,Short Circuit,0
233,60.15,18.89,45,1551,1332,Short Circuit,1
218,13.43,8.74,23,2413,4753,Insulation Failure,1
212,96.36,7.86,83,1614,4002,Insulation Failure,1
240,65.32,18.76,57,1331,3134,Short Circuit,1
249,76.71,13.67,41,1745,4086,Short Circuit,0
246,21.2,2.76,21,3099,225,Insulation Failure,0
245,43.9,1.32,50,3540,4200,Insulation Failure,0
233,45.16,11.51,30,4156,1997,Insulation Failure,0
240,83.07,18.64,65,405,771,Short Circuit,1
215,5.12,16.96,81,3636,4524,Open Circuit,1
211,33.58,13.68,88,1823,433,Open Circuit,1
229,98.22,3.21,83,1789,3099,Open Circuit,1
237,50.11,5.46,29,1617,2729,Open Circuit,0
220,41.34,17.57,59,4017,3407,Short Circuit,1
213,16.38,4.06,43,519,3140,Open Circuit,1
224,97.55,5.93,63,3036,865,Insulation Failure,0
215,6.9,3.03,79,3962,2793,Insulation Failure,1
239,75.03,13.68,81,4329,2911,Open Circuit,0
247,78.02,18.91,36,1550,2415,Insulation Failure,1
211,28.15,5.74,84,3196,250,Short Circuit,1
224,68.8,9.77,76,3361,4951,Open Circuit,1
220,13.83,12.87,74,1264,3757,Open Circuit,1
217,29.42,19.99,72,1969,4656,Short Circuit,1
235,79.85,2.54,75,1919,918,Insulation Failure,0
214,87.15,10.22,28,2805,1173,Short Circuit,1
215,62.81,8.01,41,3615,3203,Short Circuit,1
235,53.15,17.38,32,1442,432,Insulation Failure,0
213,20.13,9.78,67,2326,835,Short Circuit,1
228,11.0,2.66,37,1179,2246,Insulation Failure,0
229,16.18,12.87,59,4306,2262,Insulation Failure,0
242,26.6,15.53,36,4663,897,Short Circuit,0
229,37.46,0.56,34,2879,3632,Insulation Failure,0
221,41.19,17.25,34,2628,4567,Short Circuit,1
210,37.9,4.13,82,913,3815,Insulation Failure,1
235,27.71,11.27,58,2131,246,Open Circuit,0
223,53.42,8.61,32,422,2429,Insulation Failure,0
247,83.4,14.53,51,3069,990,Insulation Failure,0
246,31.57,7.74,28,1003,3310,Short Circuit,0
220,94.53,17.46,59,1641,926,Insulation Failure,1
245,87.97,14.74,39,3603,3438,Open Circuit,1
222,20.37,13.13,82,2753,2607,Open Circuit,1
212,79.7,16.03,63,2576,1074,Insulation Failure,1
242,59.59,15.2,57,3440,4022,Insulation Failure,1
215,58.82,1.2,79,4343,3799,Open Circuit,1
219,42.15,8.2,67,1241,4784,Short Circuit,1
214,52.61,18.65,37,949,3151,Open Circuit,1
232,42.73,2.95,35,466,3438,Open Circuit,0
219,56.27,14.87,74,2997,4573,Insulation Failure,1
211,64.66,19.5,58,1189,3491,Insulation Failure,1
222,69.06,1.52,87,4141,706,Open Circuit,0
249,55.59,13.8,78,2138,3064,Short Circuit,1
211,73.54,9.63,81,2960,753,Open Circuit,1
229,18.42,11.79,32,4370,587,Open Circuit,0
210,25.14,2.16,25,1954,1334,Short Circuit,0
246,82.78,1.34,79,4783,1847,Open Circuit,1
218,35.64,13.5,33,594,3934,Open Circuit,1
226,7.17,16.55,73,3282,3926,Insulation Failure,1
218,19.61,15.75,23,1884,3317,Short Circuit,1
220,26.24,11.1,58,3610,4020,Insulation Failure,0
224,95.95,2.45,44,3886,3155,Insulation Failure,1
233,59.44,13.92,51,4230,4302,Short Circuit,0
247,93.61,5.22,78,1098,2198,Short Circuit,1
244,59.64,18.27,82,4569,164,Open Circuit,1
239,50.54,16.85,57,1551,1998,Insulation Failure,1
240,34.8,14.33,72,1851,3057,Short Circuit,1
214,62.61,19.0,86,2380,2084,Insulation Failure,1
223,18.22,1.11,47,4900,4428,Insulation Failure,0
220,90.33,14.86,22,4758,402,Short Circuit,0
218,83.79,6.94,41,3034,413,Open Circuit,1
243,35.17,18.17,57,3834,44,Insulation Failure,0
221,95.52,5.7,81,3446,4157,Short Circuit,1
244,83.39,14.63,76,1973,2467,Open Circuit,1
244,68.3,17.61,25,4634,867,Insulation Failure,0
210,16.57,1.31,51,3903,18,Short Circuit,0
249,50.43,8.25,29,2079,364,Insulation Failure,0
231,53.08,15.37,22,798,3832,Short Circuit,1
238,27.09,9.37,78,1412,579,Short Circuit,0
217,12.6,5.71,68,3062,545,Insulation Failure,1
220,78.79,4.79,78,3038,4150,Insulation Failure,1
246,16.59,3.06,50,4887,4873,Short Circuit,0
223,61.46,17.21,88,2400,3039,Open Circuit,1
239,93.96,11.72,81,3297,4137,Insulation Failure,1
244,88.23,1.99,71,226,4044,Short Circuit,1
230,31.39,7.96,60,1291,4326,Short Circuit,0
246,85.89,7.67,50,2739,452,Open Circuit,0
214,5.03,4.04,41,4489,3961,Open Circuit,1
228,6.68,8.99,23,4016,1381,Open Circuit,0
223,62.24,6.98,32,1466,1467,Insulation Failure,0
235,39.66,7.17,64,1119,2738,Short Circuit,0
213,41.71,14.91,61,4179,1216,Short Circuit,0
234,58.62,4.85,68,4614,880,Short Circuit,0
234,23.22,13.02,39,4639,3814,Open Circuit,0
227,25.12,11.63,73,784,3149,Short Circuit,1
249,51.04,11.58,55,3729,84,Insulation Failure,0
217,76.65,13.43,20,2987,4144,Open Circuit,1
248,63.85,11.19,34,1562,1168,Open Circuit,0
249,33.25,17.65,36,4186,4164,Open Circuit,1
223,45.88,13.67,43,2361,3129,Open Circuit,0
241,21.21,11.17,77,4280,3645,Insulation Failure,1
247,12.09,16.68,42,2941,2526,Short Circuit,1
242,79.36,12.32,65,1867,2867,Insulation Failure,0
232,30.21,6.18,27,4280,3516,Short Circuit,0
224,21.89,4.54,78,3660,3367,Insulation Failure,1
242,70.7,3.47,78,2212,2194,Open Circuit,1
234,63.71,18.04,32,4858,3555,Open Circuit,0
226,65.15,14.35,58,726,445,Insulation Failure,0
242,26.74,18.78,47,4259,3626,Insulation Failure,1
211,27.1,12.26,80,3514,4016,Short Circuit,1
223,25.98,9.73,35,1475,3875,Insulation Failure,0
249,21.51,1.66,21,1281,3337,Insulation Failure,0
249,67.29,13.6,36,590,261,Short Circuit,0
248,85.56,11.85,49,3829,1848,Short Circuit,0
215,73.81,19.81,32,3634,4992,Short Circuit,1
215,80.25,5.16,32,3396,4025,Insulation Failure,1
212,43.46,10.85,62,2040,2266,Short Circuit,1
216,67.14,13.19,40,4508,91,Open Circuit,0
217,38.65,13.07,74,1982,4222,Open Circuit,1
224,54.92,11.45,59,3087,4175,Open Circuit,0
238,50.76,15.65,34,3259,3309,Insulation Failure,1
242,21.8,4.5,71,4875,982,Open Circuit,0
239,41.77,14.65,72,4630,3443,Insulation Failure,0
248,96.56,12.58,71,781,2533,Insulation Failure,1
236,28.62,17.97,49,1173,693,Open Circuit,0
245,17.71,17.02,52,2487,4120,Short Circuit,1
238,44.77,6.65,76,2494,155,Insulation Failure,0
247,80.08,5.89,71,2793,3588,Open Circuit,1
242,60.3,19.64,28,1470,1812,Insulation Failure,1
246,69.69,10.78,73,4844,4114,Short Circuit,1
236,23.02,18.18,20,4440,1407,Short Circuit,0
242,63.8,3.7,63,2256,1216,Open Circuit,0
213,35.73,13.03,28,2680,1410,Insulation Failure,0
231,84.26,16.29,51,4491,3497,Insulation Failure,1
211,64.78,18.97,34,2259,4372,Insulation Failure,1
219,23.89,7.08,31,3348,4840,Insulation Failure,1
214,11.14,14.64,76,3831,551,Open Circuit,1
219,9.05,11.01,27,3929,3394,Short Circuit,1
242,40.28,1.68,46,1727,1176,Open Circuit,0
247,30.26,13.95,81,3572,4734,Insulation Failure,1
222,66.38,13.96,31,127,4332,Insulation Failure,0
240,52.44,18.65,84,2085,997,Short Circuit,1
245,30.27,10.2,61,4253,4076,Insulation Failure,0
233,19.18,4.99,81,1621,2731,Open Circuit,1
224,17.08,1.37,30,396,3937,Open Circuit,0
238,87.14,8.61,62,2281,4052,Short Circuit,1
217,28.13,6.39,36,3502,372,Open Circuit,0
214,66.91,15.34,51,2396,2248,Open Circuit,1
238,82.02,7.41,59,2697,848,Open Circuit,0
213,63.34,19.01,42,1001,2556,Open Circuit,1
221,86.66,19.27,75,1198,2322,Insulation Failure,1
211,42.28,12.61,25,1777,503,Open Circuit,0
236,95.84,18.61,69,2981,3189,Short Circuit,1
240,17.65,15.34,56,4966,702,Short Circuit,0
245,14.7,11.16,83,1478,3625,Open Circuit,1
245,67.58,4.02,73,1348,314,Short Circuit,0
235,94.57,9.44,68,3835,2376,Open Circuit,1
236,81.84,11.44,30,4341,1040,Short Circuit,0
214,12.26,17.35,68,1364,4378,Short Circuit,1
229,31.54,9.89,40,2007,2990,Open Circuit,0
220,93.38,18.0,85,1158,257,Open Circuit,1
219,29.04,13.65,82,2849,574,Insulation Failure,1
249,79.21,3.17,47,2148,4669,Open Circuit,0
247,83.39,19.9,36,4348,1552,Open Circuit,1
215,52.07,10.78,25,2576,4518,Insulation Failure,1
217,41.7,8.14,38,4116,757,Open Circuit,0
232,47.76,13.35,75,4703,2810,Open Circuit,0
235,26.56,2.62,47,3297,1104,Insulation Failure,0
221,89.49,12.91,85,4686,4524,Open Circuit,1
235,47.81,10.22,57,3653,3459,Open Circuit,0
222,88.83,8.43,56,4540,3992,Insulation Failure,1
249,15.04,19.08,87,1861,203,Insulation Failure,1
227,98.89,10.69,68,320,2775,Short Circuit,1
234,47.11,4.77,62,4918,2332,Open Circuit,0
242,9.54,9.45,55,4723,1992,Short Circuit,0
249,8.61,18.43,77,2988,2243,Short Circuit,1
221,75.89,3.93,32,1764,306,Insulation Failure,0
245,67.61,4.67,71,4086,1687,Open Circuit,0
213,81.2,0.75,77,4676,4109,Open Circuit,1
214,15.01,0.78,51,3077,1860,Insulation Failure,0
246,8.38,16.67,79,1971,1961,Short Circuit,1
217,53.32,14.78,77,1562,722,Insulation Failure,1
237,41.82,7.42,75,444,779,Open Circuit,1
240,48.88,14.12,47,144,528,Insulation Failure,0
218,99.2,8.21,20,2168,4893,Open Circuit,1
238,97.22,19.08,61,1614,343,Short Circuit,1
